<?xml version="1.0" encoding="UTF-8"?>
<!DOCTYPE hibernate-configuration PUBLIC "-//Hibernate/Hibernate Configuration DTD 3.0//EN"
                                         "http://hibernate.sourceforge.net/hibernate-configuration-3.0.dtd">
<hibernate-configuration>
	<session-factory>
		<property name="hibernate.connection.driver_class">com.mysql.jdbc.Driver</property>
		<property name="hibernate.connection.url">jdbc:mysql://localhost:3306/finalproject</property>
		<property name="hibernate.connection.username">root</property>
		<property name="hibernate.connection.password">root</property>

		<property name="hibernate.hbm2ddl.auto">update</property>
		<property name="hibernate.dialect">org.hibernate.dialect.MySQLDialect</property>
		<property name="hibernate.show_sql">true</property>

		<mapping class="com.me.test.pojo.ParentUser" />
		<mapping class="com.me.test.pojo.UserAccount"/>
		<mapping class="com.me.test.pojo.Employer"/>
		<mapping class="com.me.test.pojo.Student"/>
		<mapping class="com.me.test.pojo.Jobs"/>
		<mapping class="com.me.test.pojo.JobApplication"/>
		

	</session-factory>
</hibernate-configuration>
