<?xml version="1.0" encoding="UTF-8"?>
<beans xmlns="http://www.springframework.org/schema/beans"
	xmlns:xsi="http://www.w3.org/2001/XMLSchema-instance"
	xsi:schemaLocation="http://www.springframework.org/schema/beans http://www.springframework.org/schema/beans/spring-beans.xsd">
	
	<!-- Root Context: defines shared resources visible to all other web components -->
	<bean id="userDao" class="com.me.test.dao.CreateUserDAO"></bean>	
	<bean id="jobAppDAO" class="com.me.test.dao.JobApplicationDAO"></bean>
	<bean id="employerDao" class="com.me.test.dao.CreateEmployerDAO"></bean>
	<bean id="studentDAO" class="com.me.test.dao.CreateStudentDAO"></bean>
	<bean id="viewJobDao" class="com.me.test.dao.ViewJobsDAO"></bean>
	<bean id="loginDao" class="com.me.test.dao.LoginDAO"></bean>
	<bean id="jobDao" class="com.me.test.dao.CreateJobDAO"></bean>
	<bean id="userValidator" class="com.me.test.controller.UserValidator"></bean>
	<bean id="loginValidator" class="com.me.test.controller.LoginValidator"></bean>
	<bean id="studentProfileValidator" class="com.me.test.controller.StudentProfileValidator"></bean>
	<bean id="portfolioValidator" class="com.me.test.controller.PortfolioValidator"></bean>
	<bean id="empProfileValidator" class="com.me.test.controller.EmpProfileValidator"></bean>
	<bean id="jobValidator" class="com.me.test.controller.JobValidator"></bean>
	

<bean id="mailSender" class="org.springframework.mail.javamail.JavaMailSenderImpl">  
  <property name="host" value="smtp.gmail.com" />  
    <property name="username" value="myneucool@gmail.com"/>  
    <property name="password" value="webtools"/>  
    <property name="javaMailProperties">  
       <props>  
              <prop key="mail.smtp.auth">true</prop>  
              <prop key="mail.smtp.socketFactory.port">465</prop>  
              <prop key="mail.smtp.socketFactory.class">javax.net.ssl.SSLSocketFactory</prop>  
              <prop key="mail.smtp.port">587</prop>  
        </props>  
    </property>  
</bean>  
<bean id="mail" class="com.me.test.pojo.Email">  
    <property name="mailSender" ref="mailSender" />  
</bean>  
</beans>  


